sequence,mods,formula,mass,n,M0,M1,M2,M3,M4,M0_coeff_3,M0_coeff_2,M0_coeff_1,M1_coeff_3,M1_coeff_2,M1_coeff_1,M2_coeff_3,M2_coeff_2,M2_coeff_1,M3_coeff_3,M3_coeff_2,M3_coeff_1,M4_coeff_3,M4_coeff_2,M4_coeff_1
LGADmEDLR,m:+O,C41H70N12O17S,1034.47026,19.540000000000003,0.556292,0.289838,0.118535,0.035334,-283.5658077024509,83.44621912662068,-10.028118844535305,386.8679952893355,-83.65222439199025,4.219376322381032,-5.9717264874725515,-18.290075096336125,4.099438089469728,-97.33046109954898,18.49608036174115,1.7093044326832014
NEVHTMLGQSTEEIR,,C71H118N22O27S,1742.825748,32.35,0.383573,0.345006,0.191947,0.079475,-453.3919750614705,110.1204242652658,-9.924693863836648,303.2464477946316,-47.24798247450996,-0.23135194503196654,249.49620871431682,-67.67869001013477,5.69240702338846,-99.35068144761476,4.806248219414556,4.4636387854788
qEVHCmLGQSTCEMIR,C:+C2H3NO C:+C2H3NO m:+O q:-H3N,C78H128N24O28S4,1976.821274,34.620000000000005,0.316627,0.319752,0.235226,0.128396,-379.9616306443912,91.87779557373022,-8.233598271128958,241.83929051819572,-35.8087339909175,-0.6806392362102145,197.12283054309466,-53.5124344057234,4.265739333424906,-59.00049041703778,-2.556627177053997,4.648498173912905
