sequence,mods,formula,mass,n,M0,M1,M2,M3,M4,M0_coeff_3,M0_coeff_2,M0_coeff_1,M1_coeff_3,M1_coeff_2,M1_coeff_1,M2_coeff_3,M2_coeff_2,M2_coeff_1,M3_coeff_3,M3_coeff_2,M3_coeff_1,M4_coeff_3,M4_coeff_2,M4_coeff_1
LGADmEDLR,m:+O,C41H70N12O17S,1034.47026,19.540000000000003,0.550348,0.286741,0.117269,0.034957,0.008548,-268.83806038271666,82.91209935775052,-10.344772514162356,439.1046288256501,-93.61414288987667,4.01202160888605,11.667817052328587,-29.403940089540477,4.1306887602663505,-140.54572999460447,14.642401129440309,1.7320310779134869,-78.23289185014181,17.216398341654156,0.388147708929765
NEVHTMLGQSTEEIR,,C71H118N22O27S,1742.825748,32.35,0.370025,0.332821,0.185167,0.076668,0.025712,-480.49281579799424,118.74513294949665,-10.615440747086659,379.51708494205866,-50.34313707648543,-1.5425165552673892,462.31697038148707,-103.36201724420621,5.133747206428021,34.56524075782778,-40.68019904822784,4.753888268873721,-223.30372416112442,18.0658089615334,2.075005867067416
qEVHCmLGQSTCEMIR,C:+C2H3NO C:+C2H3NO m:+O q:-H3N,C78H128N24O28S4,1976.821274,34.620000000000005,0.289882,0.292743,0.215357,0.117551,0.053498,-421.06267678409387,101.55583060246754,-8.74184647393767,255.13376040316183,-26.207563393269137,-2.5009206278495983,393.62982958471537,-79.40850743514103,2.7886588615718955,149.4201526179288,-54.33441042414497,4.230023348103629,-115.19983206905863,-4.686811308294118,2.826941989880497
