sequence,mods,formula,mass,n,M0,M1,M2,M3,M4,M0_coeff_3,M0_coeff_2,M0_coeff_1,M0_coeff_0,M1_coeff_3,M1_coeff_2,M1_coeff_1,M1_coeff_0,M2_coeff_3,M2_coeff_2,M2_coeff_1,M2_coeff_0,M3_coeff_3,M3_coeff_2,M3_coeff_1,M3_coeff_0,M4_coeff_3,M4_coeff_2,M4_coeff_1,M4_coeff_0
LGADmEDLR,m:+O,C41H70N12O17S,1034.47026,19.540000000000003,0.556753,0.283781,0.115285,0.033992,0.008188,-271.9669543025388,83.87707865863915,-10.465171001547173,0.5549760242624675,447.26750757706844,-95.6467773946335,4.1767024133301724,0.2886473523635921,6.84299765300193,-28.68989673734115,4.13419674326592,0.11197392177809003,-142.35794452920663,15.157584520461455,1.7045563652845814,0.03326539309479602,-77.519961106925,17.24516248866918,0.37336969361968486,0.008718956309883851
NEVHTMLGQSTEEIR,,C71H118N22O27S,1742.825748,32.35,0.377313,0.332051,0.182291,0.074572,0.024703,-489.95684055041977,121.08399596787066,-10.824527731710008,0.3716306301733113,396.4694223063598,-53.6786513841365,-1.3631060138342357,0.34307099404888625,463.833104592279,-104.37963257827352,5.26331279186841,0.18182473265187887,26.202644313310657,-39.45052607309262,4.745738877395441,0.0692194335651921,-228.23593191536418,19.192095667466113,2.023880307456716,0.022424872233935855
NEVHCmLGQSTCEMIR,C:+C2H3NO C:+C2H3NO m:+O,C77H129N25O28S4,1979.832173,32.56,0.298777,0.293168,0.213061,0.114555,0.051392,-392.23934817385657,96.69007230820951,-8.611345775533028,0.2941872043446288,274.6030329923823,-32.519634396959496,-1.9819130901305437,0.3015660872075071,349.4058191339298,-74.1471126522828,2.8594996757768354,0.2129971981087685,101.51558561078951,-45.23875117790308,3.95095594421288,0.1114045333664326,-125.24493326823091,0.15596911712410133,2.5230711874760186,0.04912040472741169
